"","Class","Sex","Age","Survived"
"1","3rd","Male","Child","Died"
"2","3rd","Male","Child","Died"
"3","3rd","Male","Child","Died"
"4","3rd","Male","Child","Died"
"5","3rd","Male","Child","Died"
"6","3rd","Male","Child","Died"
"7","3rd","Male","Child","Died"
"8","3rd","Male","Child","Died"
"9","3rd","Male","Child","Died"
"10","3rd","Male","Child","Died"
"11","3rd","Male","Child","Died"
"12","3rd","Male","Child","Died"
"13","3rd","Male","Child","Died"
"14","3rd","Male","Child","Died"
"15","3rd","Male","Child","Died"
"16","3rd","Male","Child","Died"
"17","3rd","Male","Child","Died"
"18","3rd","Male","Child","Died"
"19","3rd","Male","Child","Died"
"20","3rd","Male","Child","Died"
"21","3rd","Male","Child","Died"
"22","3rd","Male","Child","Died"
"23","3rd","Male","Child","Died"
"24","3rd","Male","Child","Died"
"25","3rd","Male","Child","Died"
"26","3rd","Male","Child","Died"
"27","3rd","Male","Child","Died"
"28","3rd","Male","Child","Died"
"29","3rd","Male","Child","Died"
"30","3rd","Male","Child","Died"
"31","3rd","Male","Child","Died"
"32","3rd","Male","Child","Died"
"33","3rd","Male","Child","Died"
"34","3rd","Male","Child","Died"
"35","3rd","Male","Child","Died"
"36","3rd","Female","Child","Died"
"37","3rd","Female","Child","Died"
"38","3rd","Female","Child","Died"
"39","3rd","Female","Child","Died"
"40","3rd","Female","Child","Died"
"41","3rd","Female","Child","Died"
"42","3rd","Female","Child","Died"
"43","3rd","Female","Child","Died"
"44","3rd","Female","Child","Died"
"45","3rd","Female","Child","Died"
"46","3rd","Female","Child","Died"
"47","3rd","Female","Child","Died"
"48","3rd","Female","Child","Died"
"49","3rd","Female","Child","Died"
"50","3rd","Female","Child","Died"
"51","3rd","Female","Child","Died"
"52","3rd","Female","Child","Died"
"53","1st","Male","Adult","Died"
"54","1st","Male","Adult","Died"
"55","1st","Male","Adult","Died"
"56","1st","Male","Adult","Died"
"57","1st","Male","Adult","Died"
"58","1st","Male","Adult","Died"
"59","1st","Male","Adult","Died"
"60","1st","Male","Adult","Died"
"61","1st","Male","Adult","Died"
"62","1st","Male","Adult","Died"
"63","1st","Male","Adult","Died"
"64","1st","Male","Adult","Died"
"65","1st","Male","Adult","Died"
"66","1st","Male","Adult","Died"
"67","1st","Male","Adult","Died"
"68","1st","Male","Adult","Died"
"69","1st","Male","Adult","Died"
"70","1st","Male","Adult","Died"
"71","1st","Male","Adult","Died"
"72","1st","Male","Adult","Died"
"73","1st","Male","Adult","Died"
"74","1st","Male","Adult","Died"
"75","1st","Male","Adult","Died"
"76","1st","Male","Adult","Died"
"77","1st","Male","Adult","Died"
"78","1st","Male","Adult","Died"
"79","1st","Male","Adult","Died"
"80","1st","Male","Adult","Died"
"81","1st","Male","Adult","Died"
"82","1st","Male","Adult","Died"
"83","1st","Male","Adult","Died"
"84","1st","Male","Adult","Died"
"85","1st","Male","Adult","Died"
"86","1st","Male","Adult","Died"
"87","1st","Male","Adult","Died"
"88","1st","Male","Adult","Died"
"89","1st","Male","Adult","Died"
"90","1st","Male","Adult","Died"
"91","1st","Male","Adult","Died"
"92","1st","Male","Adult","Died"
"93","1st","Male","Adult","Died"
"94","1st","Male","Adult","Died"
"95","1st","Male","Adult","Died"
"96","1st","Male","Adult","Died"
"97","1st","Male","Adult","Died"
"98","1st","Male","Adult","Died"
"99","1st","Male","Adult","Died"
"100","1st","Male","Adult","Died"
"101","1st","Male","Adult","Died"
"102","1st","Male","Adult","Died"
"103","1st","Male","Adult","Died"
"104","1st","Male","Adult","Died"
"105","1st","Male","Adult","Died"
"106","1st","Male","Adult","Died"
"107","1st","Male","Adult","Died"
"108","1st","Male","Adult","Died"
"109","1st","Male","Adult","Died"
"110","1st","Male","Adult","Died"
"111","1st","Male","Adult","Died"
"112","1st","Male","Adult","Died"
"113","1st","Male","Adult","Died"
"114","1st","Male","Adult","Died"
"115","1st","Male","Adult","Died"
"116","1st","Male","Adult","Died"
"117","1st","Male","Adult","Died"
"118","1st","Male","Adult","Died"
"119","1st","Male","Adult","Died"
"120","1st","Male","Adult","Died"
"121","1st","Male","Adult","Died"
"122","1st","Male","Adult","Died"
"123","1st","Male","Adult","Died"
"124","1st","Male","Adult","Died"
"125","1st","Male","Adult","Died"
"126","1st","Male","Adult","Died"
"127","1st","Male","Adult","Died"
"128","1st","Male","Adult","Died"
"129","1st","Male","Adult","Died"
"130","1st","Male","Adult","Died"
"131","1st","Male","Adult","Died"
"132","1st","Male","Adult","Died"
"133","1st","Male","Adult","Died"
"134","1st","Male","Adult","Died"
"135","1st","Male","Adult","Died"
"136","1st","Male","Adult","Died"
"137","1st","Male","Adult","Died"
"138","1st","Male","Adult","Died"
"139","1st","Male","Adult","Died"
"140","1st","Male","Adult","Died"
"141","1st","Male","Adult","Died"
"142","1st","Male","Adult","Died"
"143","1st","Male","Adult","Died"
"144","1st","Male","Adult","Died"
"145","1st","Male","Adult","Died"
"146","1st","Male","Adult","Died"
"147","1st","Male","Adult","Died"
"148","1st","Male","Adult","Died"
"149","1st","Male","Adult","Died"
"150","1st","Male","Adult","Died"
"151","1st","Male","Adult","Died"
"152","1st","Male","Adult","Died"
"153","1st","Male","Adult","Died"
"154","1st","Male","Adult","Died"
"155","1st","Male","Adult","Died"
"156","1st","Male","Adult","Died"
"157","1st","Male","Adult","Died"
"158","1st","Male","Adult","Died"
"159","1st","Male","Adult","Died"
"160","1st","Male","Adult","Died"
"161","1st","Male","Adult","Died"
"162","1st","Male","Adult","Died"
"163","1st","Male","Adult","Died"
"164","1st","Male","Adult","Died"
"165","1st","Male","Adult","Died"
"166","1st","Male","Adult","Died"
"167","1st","Male","Adult","Died"
"168","1st","Male","Adult","Died"
"169","1st","Male","Adult","Died"
"170","1st","Male","Adult","Died"
"171","2nd","Male","Adult","Died"
"172","2nd","Male","Adult","Died"
"173","2nd","Male","Adult","Died"
"174","2nd","Male","Adult","Died"
"175","2nd","Male","Adult","Died"
"176","2nd","Male","Adult","Died"
"177","2nd","Male","Adult","Died"
"178","2nd","Male","Adult","Died"
"179","2nd","Male","Adult","Died"
"180","2nd","Male","Adult","Died"
"181","2nd","Male","Adult","Died"
"182","2nd","Male","Adult","Died"
"183","2nd","Male","Adult","Died"
"184","2nd","Male","Adult","Died"
"185","2nd","Male","Adult","Died"
"186","2nd","Male","Adult","Died"
"187","2nd","Male","Adult","Died"
"188","2nd","Male","Adult","Died"
"189","2nd","Male","Adult","Died"
"190","2nd","Male","Adult","Died"
"191","2nd","Male","Adult","Died"
"192","2nd","Male","Adult","Died"
"193","2nd","Male","Adult","Died"
"194","2nd","Male","Adult","Died"
"195","2nd","Male","Adult","Died"
"196","2nd","Male","Adult","Died"
"197","2nd","Male","Adult","Died"
"198","2nd","Male","Adult","Died"
"199","2nd","Male","Adult","Died"
"200","2nd","Male","Adult","Died"
"201","2nd","Male","Adult","Died"
"202","2nd","Male","Adult","Died"
"203","2nd","Male","Adult","Died"
"204","2nd","Male","Adult","Died"
"205","2nd","Male","Adult","Died"
"206","2nd","Male","Adult","Died"
"207","2nd","Male","Adult","Died"
"208","2nd","Male","Adult","Died"
"209","2nd","Male","Adult","Died"
"210","2nd","Male","Adult","Died"
"211","2nd","Male","Adult","Died"
"212","2nd","Male","Adult","Died"
"213","2nd","Male","Adult","Died"
"214","2nd","Male","Adult","Died"
"215","2nd","Male","Adult","Died"
"216","2nd","Male","Adult","Died"
"217","2nd","Male","Adult","Died"
"218","2nd","Male","Adult","Died"
"219","2nd","Male","Adult","Died"
"220","2nd","Male","Adult","Died"
"221","2nd","Male","Adult","Died"
"222","2nd","Male","Adult","Died"
"223","2nd","Male","Adult","Died"
"224","2nd","Male","Adult","Died"
"225","2nd","Male","Adult","Died"
"226","2nd","Male","Adult","Died"
"227","2nd","Male","Adult","Died"
"228","2nd","Male","Adult","Died"
"229","2nd","Male","Adult","Died"
"230","2nd","Male","Adult","Died"
"231","2nd","Male","Adult","Died"
"232","2nd","Male","Adult","Died"
"233","2nd","Male","Adult","Died"
"234","2nd","Male","Adult","Died"
"235","2nd","Male","Adult","Died"
"236","2nd","Male","Adult","Died"
"237","2nd","Male","Adult","Died"
"238","2nd","Male","Adult","Died"
"239","2nd","Male","Adult","Died"
"240","2nd","Male","Adult","Died"
"241","2nd","Male","Adult","Died"
"242","2nd","Male","Adult","Died"
"243","2nd","Male","Adult","Died"
"244","2nd","Male","Adult","Died"
"245","2nd","Male","Adult","Died"
"246","2nd","Male","Adult","Died"
"247","2nd","Male","Adult","Died"
"248","2nd","Male","Adult","Died"
"249","2nd","Male","Adult","Died"
"250","2nd","Male","Adult","Died"
"251","2nd","Male","Adult","Died"
"252","2nd","Male","Adult","Died"
"253","2nd","Male","Adult","Died"
"254","2nd","Male","Adult","Died"
"255","2nd","Male","Adult","Died"
"256","2nd","Male","Adult","Died"
"257","2nd","Male","Adult","Died"
"258","2nd","Male","Adult","Died"
"259","2nd","Male","Adult","Died"
"260","2nd","Male","Adult","Died"
"261","2nd","Male","Adult","Died"
"262","2nd","Male","Adult","Died"
"263","2nd","Male","Adult","Died"
"264","2nd","Male","Adult","Died"
"265","2nd","Male","Adult","Died"
"266","2nd","Male","Adult","Died"
"267","2nd","Male","Adult","Died"
"268","2nd","Male","Adult","Died"
"269","2nd","Male","Adult","Died"
"270","2nd","Male","Adult","Died"
"271","2nd","Male","Adult","Died"
"272","2nd","Male","Adult","Died"
"273","2nd","Male","Adult","Died"
"274","2nd","Male","Adult","Died"
"275","2nd","Male","Adult","Died"
"276","2nd","Male","Adult","Died"
"277","2nd","Male","Adult","Died"
"278","2nd","Male","Adult","Died"
"279","2nd","Male","Adult","Died"
"280","2nd","Male","Adult","Died"
"281","2nd","Male","Adult","Died"
"282","2nd","Male","Adult","Died"
"283","2nd","Male","Adult","Died"
"284","2nd","Male","Adult","Died"
"285","2nd","Male","Adult","Died"
"286","2nd","Male","Adult","Died"
"287","2nd","Male","Adult","Died"
"288","2nd","Male","Adult","Died"
"289","2nd","Male","Adult","Died"
"290","2nd","Male","Adult","Died"
"291","2nd","Male","Adult","Died"
"292","2nd","Male","Adult","Died"
"293","2nd","Male","Adult","Died"
"294","2nd","Male","Adult","Died"
"295","2nd","Male","Adult","Died"
"296","2nd","Male","Adult","Died"
"297","2nd","Male","Adult","Died"
"298","2nd","Male","Adult","Died"
"299","2nd","Male","Adult","Died"
"300","2nd","Male","Adult","Died"
"301","2nd","Male","Adult","Died"
"302","2nd","Male","Adult","Died"
"303","2nd","Male","Adult","Died"
"304","2nd","Male","Adult","Died"
"305","2nd","Male","Adult","Died"
"306","2nd","Male","Adult","Died"
"307","2nd","Male","Adult","Died"
"308","2nd","Male","Adult","Died"
"309","2nd","Male","Adult","Died"
"310","2nd","Male","Adult","Died"
"311","2nd","Male","Adult","Died"
"312","2nd","Male","Adult","Died"
"313","2nd","Male","Adult","Died"
"314","2nd","Male","Adult","Died"
"315","2nd","Male","Adult","Died"
"316","2nd","Male","Adult","Died"
"317","2nd","Male","Adult","Died"
"318","2nd","Male","Adult","Died"
"319","2nd","Male","Adult","Died"
"320","2nd","Male","Adult","Died"
"321","2nd","Male","Adult","Died"
"322","2nd","Male","Adult","Died"
"323","2nd","Male","Adult","Died"
"324","2nd","Male","Adult","Died"
"325","3rd","Male","Adult","Died"
"326","3rd","Male","Adult","Died"
"327","3rd","Male","Adult","Died"
"328","3rd","Male","Adult","Died"
"329","3rd","Male","Adult","Died"
"330","3rd","Male","Adult","Died"
"331","3rd","Male","Adult","Died"
"332","3rd","Male","Adult","Died"
"333","3rd","Male","Adult","Died"
"334","3rd","Male","Adult","Died"
"335","3rd","Male","Adult","Died"
"336","3rd","Male","Adult","Died"
"337","3rd","Male","Adult","Died"
"338","3rd","Male","Adult","Died"
"339","3rd","Male","Adult","Died"
"340","3rd","Male","Adult","Died"
"341","3rd","Male","Adult","Died"
"342","3rd","Male","Adult","Died"
"343","3rd","Male","Adult","Died"
"344","3rd","Male","Adult","Died"
"345","3rd","Male","Adult","Died"
"346","3rd","Male","Adult","Died"
"347","3rd","Male","Adult","Died"
"348","3rd","Male","Adult","Died"
"349","3rd","Male","Adult","Died"
"350","3rd","Male","Adult","Died"
"351","3rd","Male","Adult","Died"
"352","3rd","Male","Adult","Died"
"353","3rd","Male","Adult","Died"
"354","3rd","Male","Adult","Died"
"355","3rd","Male","Adult","Died"
"356","3rd","Male","Adult","Died"
"357","3rd","Male","Adult","Died"
"358","3rd","Male","Adult","Died"
"359","3rd","Male","Adult","Died"
"360","3rd","Male","Adult","Died"
"361","3rd","Male","Adult","Died"
"362","3rd","Male","Adult","Died"
"363","3rd","Male","Adult","Died"
"364","3rd","Male","Adult","Died"
"365","3rd","Male","Adult","Died"
"366","3rd","Male","Adult","Died"
"367","3rd","Male","Adult","Died"
"368","3rd","Male","Adult","Died"
"369","3rd","Male","Adult","Died"
"370","3rd","Male","Adult","Died"
"371","3rd","Male","Adult","Died"
"372","3rd","Male","Adult","Died"
"373","3rd","Male","Adult","Died"
"374","3rd","Male","Adult","Died"
"375","3rd","Male","Adult","Died"
"376","3rd","Male","Adult","Died"
"377","3rd","Male","Adult","Died"
"378","3rd","Male","Adult","Died"
"379","3rd","Male","Adult","Died"
"380","3rd","Male","Adult","Died"
"381","3rd","Male","Adult","Died"
"382","3rd","Male","Adult","Died"
"383","3rd","Male","Adult","Died"
"384","3rd","Male","Adult","Died"
"385","3rd","Male","Adult","Died"
"386","3rd","Male","Adult","Died"
"387","3rd","Male","Adult","Died"
"388","3rd","Male","Adult","Died"
"389","3rd","Male","Adult","Died"
"390","3rd","Male","Adult","Died"
"391","3rd","Male","Adult","Died"
"392","3rd","Male","Adult","Died"
"393","3rd","Male","Adult","Died"
"394","3rd","Male","Adult","Died"
"395","3rd","Male","Adult","Died"
"396","3rd","Male","Adult","Died"
"397","3rd","Male","Adult","Died"
"398","3rd","Male","Adult","Died"
"399","3rd","Male","Adult","Died"
"400","3rd","Male","Adult","Died"
"401","3rd","Male","Adult","Died"
"402","3rd","Male","Adult","Died"
"403","3rd","Male","Adult","Died"
"404","3rd","Male","Adult","Died"
"405","3rd","Male","Adult","Died"
"406","3rd","Male","Adult","Died"
"407","3rd","Male","Adult","Died"
"408","3rd","Male","Adult","Died"
"409","3rd","Male","Adult","Died"
"410","3rd","Male","Adult","Died"
"411","3rd","Male","Adult","Died"
"412","3rd","Male","Adult","Died"
"413","3rd","Male","Adult","Died"
"414","3rd","Male","Adult","Died"
"415","3rd","Male","Adult","Died"
"416","3rd","Male","Adult","Died"
"417","3rd","Male","Adult","Died"
"418","3rd","Male","Adult","Died"
"419","3rd","Male","Adult","Died"
"420","3rd","Male","Adult","Died"
"421","3rd","Male","Adult","Died"
"422","3rd","Male","Adult","Died"
"423","3rd","Male","Adult","Died"
"424","3rd","Male","Adult","Died"
"425","3rd","Male","Adult","Died"
"426","3rd","Male","Adult","Died"
"427","3rd","Male","Adult","Died"
"428","3rd","Male","Adult","Died"
"429","3rd","Male","Adult","Died"
"430","3rd","Male","Adult","Died"
"431","3rd","Male","Adult","Died"
"432","3rd","Male","Adult","Died"
"433","3rd","Male","Adult","Died"
"434","3rd","Male","Adult","Died"
"435","3rd","Male","Adult","Died"
"436","3rd","Male","Adult","Died"
"437","3rd","Male","Adult","Died"
"438","3rd","Male","Adult","Died"
"439","3rd","Male","Adult","Died"
"440","3rd","Male","Adult","Died"
"441","3rd","Male","Adult","Died"
"442","3rd","Male","Adult","Died"
"443","3rd","Male","Adult","Died"
"444","3rd","Male","Adult","Died"
"445","3rd","Male","Adult","Died"
"446","3rd","Male","Adult","Died"
"447","3rd","Male","Adult","Died"
"448","3rd","Male","Adult","Died"
"449","3rd","Male","Adult","Died"
"450","3rd","Male","Adult","Died"
"451","3rd","Male","Adult","Died"
"452","3rd","Male","Adult","Died"
"453","3rd","Male","Adult","Died"
"454","3rd","Male","Adult","Died"
"455","3rd","Male","Adult","Died"
"456","3rd","Male","Adult","Died"
"457","3rd","Male","Adult","Died"
"458","3rd","Male","Adult","Died"
"459","3rd","Male","Adult","Died"
"460","3rd","Male","Adult","Died"
"461","3rd","Male","Adult","Died"
"462","3rd","Male","Adult","Died"
"463","3rd","Male","Adult","Died"
"464","3rd","Male","Adult","Died"
"465","3rd","Male","Adult","Died"
"466","3rd","Male","Adult","Died"
"467","3rd","Male","Adult","Died"
"468","3rd","Male","Adult","Died"
"469","3rd","Male","Adult","Died"
"470","3rd","Male","Adult","Died"
"471","3rd","Male","Adult","Died"
"472","3rd","Male","Adult","Died"
"473","3rd","Male","Adult","Died"
"474","3rd","Male","Adult","Died"
"475","3rd","Male","Adult","Died"
"476","3rd","Male","Adult","Died"
"477","3rd","Male","Adult","Died"
"478","3rd","Male","Adult","Died"
"479","3rd","Male","Adult","Died"
"480","3rd","Male","Adult","Died"
"481","3rd","Male","Adult","Died"
"482","3rd","Male","Adult","Died"
"483","3rd","Male","Adult","Died"
"484","3rd","Male","Adult","Died"
"485","3rd","Male","Adult","Died"
"486","3rd","Male","Adult","Died"
"487","3rd","Male","Adult","Died"
"488","3rd","Male","Adult","Died"
"489","3rd","Male","Adult","Died"
"490","3rd","Male","Adult","Died"
"491","3rd","Male","Adult","Died"
"492","3rd","Male","Adult","Died"
"493","3rd","Male","Adult","Died"
"494","3rd","Male","Adult","Died"
"495","3rd","Male","Adult","Died"
"496","3rd","Male","Adult","Died"
"497","3rd","Male","Adult","Died"
"498","3rd","Male","Adult","Died"
"499","3rd","Male","Adult","Died"
"500","3rd","Male","Adult","Died"
"501","3rd","Male","Adult","Died"
"502","3rd","Male","Adult","Died"
"503","3rd","Male","Adult","Died"
"504","3rd","Male","Adult","Died"
"505","3rd","Male","Adult","Died"
"506","3rd","Male","Adult","Died"
"507","3rd","Male","Adult","Died"
"508","3rd","Male","Adult","Died"
"509","3rd","Male","Adult","Died"
"510","3rd","Male","Adult","Died"
"511","3rd","Male","Adult","Died"
"512","3rd","Male","Adult","Died"
"513","3rd","Male","Adult","Died"
"514","3rd","Male","Adult","Died"
"515","3rd","Male","Adult","Died"
"516","3rd","Male","Adult","Died"
"517","3rd","Male","Adult","Died"
"518","3rd","Male","Adult","Died"
"519","3rd","Male","Adult","Died"
"520","3rd","Male","Adult","Died"
"521","3rd","Male","Adult","Died"
"522","3rd","Male","Adult","Died"
"523","3rd","Male","Adult","Died"
"524","3rd","Male","Adult","Died"
"525","3rd","Male","Adult","Died"
"526","3rd","Male","Adult","Died"
"527","3rd","Male","Adult","Died"
"528","3rd","Male","Adult","Died"
"529","3rd","Male","Adult","Died"
"530","3rd","Male","Adult","Died"
"531","3rd","Male","Adult","Died"
"532","3rd","Male","Adult","Died"
"533","3rd","Male","Adult","Died"
"534","3rd","Male","Adult","Died"
"535","3rd","Male","Adult","Died"
"536","3rd","Male","Adult","Died"
"537","3rd","Male","Adult","Died"
"538","3rd","Male","Adult","Died"
"539","3rd","Male","Adult","Died"
"540","3rd","Male","Adult","Died"
"541","3rd","Male","Adult","Died"
"542","3rd","Male","Adult","Died"
"543","3rd","Male","Adult","Died"
"544","3rd","Male","Adult","Died"
"545","3rd","Male","Adult","Died"
"546","3rd","Male","Adult","Died"
"547","3rd","Male","Adult","Died"
"548","3rd","Male","Adult","Died"
"549","3rd","Male","Adult","Died"
"550","3rd","Male","Adult","Died"
"551","3rd","Male","Adult","Died"
"552","3rd","Male","Adult","Died"
"553","3rd","Male","Adult","Died"
"554","3rd","Male","Adult","Died"
"555","3rd","Male","Adult","Died"
"556","3rd","Male","Adult","Died"
"557","3rd","Male","Adult","Died"
"558","3rd","Male","Adult","Died"
"559","3rd","Male","Adult","Died"
"560","3rd","Male","Adult","Died"
"561","3rd","Male","Adult","Died"
"562","3rd","Male","Adult","Died"
"563","3rd","Male","Adult","Died"
"564","3rd","Male","Adult","Died"
"565","3rd","Male","Adult","Died"
"566","3rd","Male","Adult","Died"
"567","3rd","Male","Adult","Died"
"568","3rd","Male","Adult","Died"
"569","3rd","Male","Adult","Died"
"570","3rd","Male","Adult","Died"
"571","3rd","Male","Adult","Died"
"572","3rd","Male","Adult","Died"
"573","3rd","Male","Adult","Died"
"574","3rd","Male","Adult","Died"
"575","3rd","Male","Adult","Died"
"576","3rd","Male","Adult","Died"
"577","3rd","Male","Adult","Died"
"578","3rd","Male","Adult","Died"
"579","3rd","Male","Adult","Died"
"580","3rd","Male","Adult","Died"
"581","3rd","Male","Adult","Died"
"582","3rd","Male","Adult","Died"
"583","3rd","Male","Adult","Died"
"584","3rd","Male","Adult","Died"
"585","3rd","Male","Adult","Died"
"586","3rd","Male","Adult","Died"
"587","3rd","Male","Adult","Died"
"588","3rd","Male","Adult","Died"
"589","3rd","Male","Adult","Died"
"590","3rd","Male","Adult","Died"
"591","3rd","Male","Adult","Died"
"592","3rd","Male","Adult","Died"
"593","3rd","Male","Adult","Died"
"594","3rd","Male","Adult","Died"
"595","3rd","Male","Adult","Died"
"596","3rd","Male","Adult","Died"
"597","3rd","Male","Adult","Died"
"598","3rd","Male","Adult","Died"
"599","3rd","Male","Adult","Died"
"600","3rd","Male","Adult","Died"
"601","3rd","Male","Adult","Died"
"602","3rd","Male","Adult","Died"
"603","3rd","Male","Adult","Died"
"604","3rd","Male","Adult","Died"
"605","3rd","Male","Adult","Died"
"606","3rd","Male","Adult","Died"
"607","3rd","Male","Adult","Died"
"608","3rd","Male","Adult","Died"
"609","3rd","Male","Adult","Died"
"610","3rd","Male","Adult","Died"
"611","3rd","Male","Adult","Died"
"612","3rd","Male","Adult","Died"
"613","3rd","Male","Adult","Died"
"614","3rd","Male","Adult","Died"
"615","3rd","Male","Adult","Died"
"616","3rd","Male","Adult","Died"
"617","3rd","Male","Adult","Died"
"618","3rd","Male","Adult","Died"
"619","3rd","Male","Adult","Died"
"620","3rd","Male","Adult","Died"
"621","3rd","Male","Adult","Died"
"622","3rd","Male","Adult","Died"
"623","3rd","Male","Adult","Died"
"624","3rd","Male","Adult","Died"
"625","3rd","Male","Adult","Died"
"626","3rd","Male","Adult","Died"
"627","3rd","Male","Adult","Died"
"628","3rd","Male","Adult","Died"
"629","3rd","Male","Adult","Died"
"630","3rd","Male","Adult","Died"
"631","3rd","Male","Adult","Died"
"632","3rd","Male","Adult","Died"
"633","3rd","Male","Adult","Died"
"634","3rd","Male","Adult","Died"
"635","3rd","Male","Adult","Died"
"636","3rd","Male","Adult","Died"
"637","3rd","Male","Adult","Died"
"638","3rd","Male","Adult","Died"
"639","3rd","Male","Adult","Died"
"640","3rd","Male","Adult","Died"
"641","3rd","Male","Adult","Died"
"642","3rd","Male","Adult","Died"
"643","3rd","Male","Adult","Died"
"644","3rd","Male","Adult","Died"
"645","3rd","Male","Adult","Died"
"646","3rd","Male","Adult","Died"
"647","3rd","Male","Adult","Died"
"648","3rd","Male","Adult","Died"
"649","3rd","Male","Adult","Died"
"650","3rd","Male","Adult","Died"
"651","3rd","Male","Adult","Died"
"652","3rd","Male","Adult","Died"
"653","3rd","Male","Adult","Died"
"654","3rd","Male","Adult","Died"
"655","3rd","Male","Adult","Died"
"656","3rd","Male","Adult","Died"
"657","3rd","Male","Adult","Died"
"658","3rd","Male","Adult","Died"
"659","3rd","Male","Adult","Died"
"660","3rd","Male","Adult","Died"
"661","3rd","Male","Adult","Died"
"662","3rd","Male","Adult","Died"
"663","3rd","Male","Adult","Died"
"664","3rd","Male","Adult","Died"
"665","3rd","Male","Adult","Died"
"666","3rd","Male","Adult","Died"
"667","3rd","Male","Adult","Died"
"668","3rd","Male","Adult","Died"
"669","3rd","Male","Adult","Died"
"670","3rd","Male","Adult","Died"
"671","3rd","Male","Adult","Died"
"672","3rd","Male","Adult","Died"
"673","3rd","Male","Adult","Died"
"674","3rd","Male","Adult","Died"
"675","3rd","Male","Adult","Died"
"676","3rd","Male","Adult","Died"
"677","3rd","Male","Adult","Died"
"678","3rd","Male","Adult","Died"
"679","3rd","Male","Adult","Died"
"680","3rd","Male","Adult","Died"
"681","3rd","Male","Adult","Died"
"682","3rd","Male","Adult","Died"
"683","3rd","Male","Adult","Died"
"684","3rd","Male","Adult","Died"
"685","3rd","Male","Adult","Died"
"686","3rd","Male","Adult","Died"
"687","3rd","Male","Adult","Died"
"688","3rd","Male","Adult","Died"
"689","3rd","Male","Adult","Died"
"690","3rd","Male","Adult","Died"
"691","3rd","Male","Adult","Died"
"692","3rd","Male","Adult","Died"
"693","3rd","Male","Adult","Died"
"694","3rd","Male","Adult","Died"
"695","3rd","Male","Adult","Died"
"696","3rd","Male","Adult","Died"
"697","3rd","Male","Adult","Died"
"698","3rd","Male","Adult","Died"
"699","3rd","Male","Adult","Died"
"700","3rd","Male","Adult","Died"
"701","3rd","Male","Adult","Died"
"702","3rd","Male","Adult","Died"
"703","3rd","Male","Adult","Died"
"704","3rd","Male","Adult","Died"
"705","3rd","Male","Adult","Died"
"706","3rd","Male","Adult","Died"
"707","3rd","Male","Adult","Died"
"708","3rd","Male","Adult","Died"
"709","3rd","Male","Adult","Died"
"710","3rd","Male","Adult","Died"
"711","3rd","Male","Adult","Died"
"712","Crew","Male","Adult","Died"
"713","Crew","Male","Adult","Died"
"714","Crew","Male","Adult","Died"
"715","Crew","Male","Adult","Died"
"716","Crew","Male","Adult","Died"
"717","Crew","Male","Adult","Died"
"718","Crew","Male","Adult","Died"
"719","Crew","Male","Adult","Died"
"720","Crew","Male","Adult","Died"
"721","Crew","Male","Adult","Died"
"722","Crew","Male","Adult","Died"
"723","Crew","Male","Adult","Died"
"724","Crew","Male","Adult","Died"
"725","Crew","Male","Adult","Died"
"726","Crew","Male","Adult","Died"
"727","Crew","Male","Adult","Died"
"728","Crew","Male","Adult","Died"
"729","Crew","Male","Adult","Died"
"730","Crew","Male","Adult","Died"
"731","Crew","Male","Adult","Died"
"732","Crew","Male","Adult","Died"
"733","Crew","Male","Adult","Died"
"734","Crew","Male","Adult","Died"
"735","Crew","Male","Adult","Died"
"736","Crew","Male","Adult","Died"
"737","Crew","Male","Adult","Died"
"738","Crew","Male","Adult","Died"
"739","Crew","Male","Adult","Died"
"740","Crew","Male","Adult","Died"
"741","Crew","Male","Adult","Died"
"742","Crew","Male","Adult","Died"
"743","Crew","Male","Adult","Died"
"744","Crew","Male","Adult","Died"
"745","Crew","Male","Adult","Died"
"746","Crew","Male","Adult","Died"
"747","Crew","Male","Adult","Died"
"748","Crew","Male","Adult","Died"
"749","Crew","Male","Adult","Died"
"750","Crew","Male","Adult","Died"
"751","Crew","Male","Adult","Died"
"752","Crew","Male","Adult","Died"
"753","Crew","Male","Adult","Died"
"754","Crew","Male","Adult","Died"
"755","Crew","Male","Adult","Died"
"756","Crew","Male","Adult","Died"
"757","Crew","Male","Adult","Died"
"758","Crew","Male","Adult","Died"
"759","Crew","Male","Adult","Died"
"760","Crew","Male","Adult","Died"
"761","Crew","Male","Adult","Died"
"762","Crew","Male","Adult","Died"
"763","Crew","Male","Adult","Died"
"764","Crew","Male","Adult","Died"
"765","Crew","Male","Adult","Died"
"766","Crew","Male","Adult","Died"
"767","Crew","Male","Adult","Died"
"768","Crew","Male","Adult","Died"
"769","Crew","Male","Adult","Died"
"770","Crew","Male","Adult","Died"
"771","Crew","Male","Adult","Died"
"772","Crew","Male","Adult","Died"
"773","Crew","Male","Adult","Died"
"774","Crew","Male","Adult","Died"
"775","Crew","Male","Adult","Died"
"776","Crew","Male","Adult","Died"
"777","Crew","Male","Adult","Died"
"778","Crew","Male","Adult","Died"
"779","Crew","Male","Adult","Died"
"780","Crew","Male","Adult","Died"
"781","Crew","Male","Adult","Died"
"782","Crew","Male","Adult","Died"
"783","Crew","Male","Adult","Died"
"784","Crew","Male","Adult","Died"
"785","Crew","Male","Adult","Died"
"786","Crew","Male","Adult","Died"
"787","Crew","Male","Adult","Died"
"788","Crew","Male","Adult","Died"
"789","Crew","Male","Adult","Died"
"790","Crew","Male","Adult","Died"
"791","Crew","Male","Adult","Died"
"792","Crew","Male","Adult","Died"
"793","Crew","Male","Adult","Died"
"794","Crew","Male","Adult","Died"
"795","Crew","Male","Adult","Died"
"796","Crew","Male","Adult","Died"
"797","Crew","Male","Adult","Died"
"798","Crew","Male","Adult","Died"
"799","Crew","Male","Adult","Died"
"800","Crew","Male","Adult","Died"
"801","Crew","Male","Adult","Died"
"802","Crew","Male","Adult","Died"
"803","Crew","Male","Adult","Died"
"804","Crew","Male","Adult","Died"
"805","Crew","Male","Adult","Died"
"806","Crew","Male","Adult","Died"
"807","Crew","Male","Adult","Died"
"808","Crew","Male","Adult","Died"
"809","Crew","Male","Adult","Died"
"810","Crew","Male","Adult","Died"
"811","Crew","Male","Adult","Died"
"812","Crew","Male","Adult","Died"
"813","Crew","Male","Adult","Died"
"814","Crew","Male","Adult","Died"
"815","Crew","Male","Adult","Died"
"816","Crew","Male","Adult","Died"
"817","Crew","Male","Adult","Died"
"818","Crew","Male","Adult","Died"
"819","Crew","Male","Adult","Died"
"820","Crew","Male","Adult","Died"
"821","Crew","Male","Adult","Died"
"822","Crew","Male","Adult","Died"
"823","Crew","Male","Adult","Died"
"824","Crew","Male","Adult","Died"
"825","Crew","Male","Adult","Died"
"826","Crew","Male","Adult","Died"
"827","Crew","Male","Adult","Died"
"828","Crew","Male","Adult","Died"
"829","Crew","Male","Adult","Died"
"830","Crew","Male","Adult","Died"
"831","Crew","Male","Adult","Died"
"832","Crew","Male","Adult","Died"
"833","Crew","Male","Adult","Died"
"834","Crew","Male","Adult","Died"
"835","Crew","Male","Adult","Died"
"836","Crew","Male","Adult","Died"
"837","Crew","Male","Adult","Died"
"838","Crew","Male","Adult","Died"
"839","Crew","Male","Adult","Died"
"840","Crew","Male","Adult","Died"
"841","Crew","Male","Adult","Died"
"842","Crew","Male","Adult","Died"
"843","Crew","Male","Adult","Died"
"844","Crew","Male","Adult","Died"
"845","Crew","Male","Adult","Died"
"846","Crew","Male","Adult","Died"
"847","Crew","Male","Adult","Died"
"848","Crew","Male","Adult","Died"
"849","Crew","Male","Adult","Died"
"850","Crew","Male","Adult","Died"
"851","Crew","Male","Adult","Died"
"852","Crew","Male","Adult","Died"
"853","Crew","Male","Adult","Died"
"854","Crew","Male","Adult","Died"
"855","Crew","Male","Adult","Died"
"856","Crew","Male","Adult","Died"
"857","Crew","Male","Adult","Died"
"858","Crew","Male","Adult","Died"
"859","Crew","Male","Adult","Died"
"860","Crew","Male","Adult","Died"
"861","Crew","Male","Adult","Died"
"862","Crew","Male","Adult","Died"
"863","Crew","Male","Adult","Died"
"864","Crew","Male","Adult","Died"
"865","Crew","Male","Adult","Died"
"866","Crew","Male","Adult","Died"
"867","Crew","Male","Adult","Died"
"868","Crew","Male","Adult","Died"
"869","Crew","Male","Adult","Died"
"870","Crew","Male","Adult","Died"
"871","Crew","Male","Adult","Died"
"872","Crew","Male","Adult","Died"
"873","Crew","Male","Adult","Died"
"874","Crew","Male","Adult","Died"
"875","Crew","Male","Adult","Died"
"876","Crew","Male","Adult","Died"
"877","Crew","Male","Adult","Died"
"878","Crew","Male","Adult","Died"
"879","Crew","Male","Adult","Died"
"880","Crew","Male","Adult","Died"
"881","Crew","Male","Adult","Died"
"882","Crew","Male","Adult","Died"
"883","Crew","Male","Adult","Died"
"884","Crew","Male","Adult","Died"
"885","Crew","Male","Adult","Died"
"886","Crew","Male","Adult","Died"
"887","Crew","Male","Adult","Died"
"888","Crew","Male","Adult","Died"
"889","Crew","Male","Adult","Died"
"890","Crew","Male","Adult","Died"
"891","Crew","Male","Adult","Died"
"892","Crew","Male","Adult","Died"
"893","Crew","Male","Adult","Died"
"894","Crew","Male","Adult","Died"
"895","Crew","Male","Adult","Died"
"896","Crew","Male","Adult","Died"
"897","Crew","Male","Adult","Died"
"898","Crew","Male","Adult","Died"
"899","Crew","Male","Adult","Died"
"900","Crew","Male","Adult","Died"
"901","Crew","Male","Adult","Died"
"902","Crew","Male","Adult","Died"
"903","Crew","Male","Adult","Died"
"904","Crew","Male","Adult","Died"
"905","Crew","Male","Adult","Died"
"906","Crew","Male","Adult","Died"
"907","Crew","Male","Adult","Died"
"908","Crew","Male","Adult","Died"
"909","Crew","Male","Adult","Died"
"910","Crew","Male","Adult","Died"
"911","Crew","Male","Adult","Died"
"912","Crew","Male","Adult","Died"
"913","Crew","Male","Adult","Died"
"914","Crew","Male","Adult","Died"
"915","Crew","Male","Adult","Died"
"916","Crew","Male","Adult","Died"
"917","Crew","Male","Adult","Died"
"918","Crew","Male","Adult","Died"
"919","Crew","Male","Adult","Died"
"920","Crew","Male","Adult","Died"
"921","Crew","Male","Adult","Died"
"922","Crew","Male","Adult","Died"
"923","Crew","Male","Adult","Died"
"924","Crew","Male","Adult","Died"
"925","Crew","Male","Adult","Died"
"926","Crew","Male","Adult","Died"
"927","Crew","Male","Adult","Died"
"928","Crew","Male","Adult","Died"
"929","Crew","Male","Adult","Died"
"930","Crew","Male","Adult","Died"
"931","Crew","Male","Adult","Died"
"932","Crew","Male","Adult","Died"
"933","Crew","Male","Adult","Died"
"934","Crew","Male","Adult","Died"
"935","Crew","Male","Adult","Died"
"936","Crew","Male","Adult","Died"
"937","Crew","Male","Adult","Died"
"938","Crew","Male","Adult","Died"
"939","Crew","Male","Adult","Died"
"940","Crew","Male","Adult","Died"
"941","Crew","Male","Adult","Died"
"942","Crew","Male","Adult","Died"
"943","Crew","Male","Adult","Died"
"944","Crew","Male","Adult","Died"
"945","Crew","Male","Adult","Died"
"946","Crew","Male","Adult","Died"
"947","Crew","Male","Adult","Died"
"948","Crew","Male","Adult","Died"
"949","Crew","Male","Adult","Died"
"950","Crew","Male","Adult","Died"
"951","Crew","Male","Adult","Died"
"952","Crew","Male","Adult","Died"
"953","Crew","Male","Adult","Died"
"954","Crew","Male","Adult","Died"
"955","Crew","Male","Adult","Died"
"956","Crew","Male","Adult","Died"
"957","Crew","Male","Adult","Died"
"958","Crew","Male","Adult","Died"
"959","Crew","Male","Adult","Died"
"960","Crew","Male","Adult","Died"
"961","Crew","Male","Adult","Died"
"962","Crew","Male","Adult","Died"
"963","Crew","Male","Adult","Died"
"964","Crew","Male","Adult","Died"
"965","Crew","Male","Adult","Died"
"966","Crew","Male","Adult","Died"
"967","Crew","Male","Adult","Died"
"968","Crew","Male","Adult","Died"
"969","Crew","Male","Adult","Died"
"970","Crew","Male","Adult","Died"
"971","Crew","Male","Adult","Died"
"972","Crew","Male","Adult","Died"
"973","Crew","Male","Adult","Died"
"974","Crew","Male","Adult","Died"
"975","Crew","Male","Adult","Died"
"976","Crew","Male","Adult","Died"
"977","Crew","Male","Adult","Died"
"978","Crew","Male","Adult","Died"
"979","Crew","Male","Adult","Died"
"980","Crew","Male","Adult","Died"
"981","Crew","Male","Adult","Died"
"982","Crew","Male","Adult","Died"
"983","Crew","Male","Adult","Died"
"984","Crew","Male","Adult","Died"
"985","Crew","Male","Adult","Died"
"986","Crew","Male","Adult","Died"
"987","Crew","Male","Adult","Died"
"988","Crew","Male","Adult","Died"
"989","Crew","Male","Adult","Died"
"990","Crew","Male","Adult","Died"
"991","Crew","Male","Adult","Died"
"992","Crew","Male","Adult","Died"
"993","Crew","Male","Adult","Died"
"994","Crew","Male","Adult","Died"
"995","Crew","Male","Adult","Died"
"996","Crew","Male","Adult","Died"
"997","Crew","Male","Adult","Died"
"998","Crew","Male","Adult","Died"
"999","Crew","Male","Adult","Died"
"1000","Crew","Male","Adult","Died"
"1001","Crew","Male","Adult","Died"
"1002","Crew","Male","Adult","Died"
"1003","Crew","Male","Adult","Died"
"1004","Crew","Male","Adult","Died"
"1005","Crew","Male","Adult","Died"
"1006","Crew","Male","Adult","Died"
"1007","Crew","Male","Adult","Died"
"1008","Crew","Male","Adult","Died"
"1009","Crew","Male","Adult","Died"
"1010","Crew","Male","Adult","Died"
"1011","Crew","Male","Adult","Died"
"1012","Crew","Male","Adult","Died"
"1013","Crew","Male","Adult","Died"
"1014","Crew","Male","Adult","Died"
"1015","Crew","Male","Adult","Died"
"1016","Crew","Male","Adult","Died"
"1017","Crew","Male","Adult","Died"
"1018","Crew","Male","Adult","Died"
"1019","Crew","Male","Adult","Died"
"1020","Crew","Male","Adult","Died"
"1021","Crew","Male","Adult","Died"
"1022","Crew","Male","Adult","Died"
"1023","Crew","Male","Adult","Died"
"1024","Crew","Male","Adult","Died"
"1025","Crew","Male","Adult","Died"
"1026","Crew","Male","Adult","Died"
"1027","Crew","Male","Adult","Died"
"1028","Crew","Male","Adult","Died"
"1029","Crew","Male","Adult","Died"
"1030","Crew","Male","Adult","Died"
"1031","Crew","Male","Adult","Died"
"1032","Crew","Male","Adult","Died"
"1033","Crew","Male","Adult","Died"
"1034","Crew","Male","Adult","Died"
"1035","Crew","Male","Adult","Died"
"1036","Crew","Male","Adult","Died"
"1037","Crew","Male","Adult","Died"
"1038","Crew","Male","Adult","Died"
"1039","Crew","Male","Adult","Died"
"1040","Crew","Male","Adult","Died"
"1041","Crew","Male","Adult","Died"
"1042","Crew","Male","Adult","Died"
"1043","Crew","Male","Adult","Died"
"1044","Crew","Male","Adult","Died"
"1045","Crew","Male","Adult","Died"
"1046","Crew","Male","Adult","Died"
"1047","Crew","Male","Adult","Died"
"1048","Crew","Male","Adult","Died"
"1049","Crew","Male","Adult","Died"
"1050","Crew","Male","Adult","Died"
"1051","Crew","Male","Adult","Died"
"1052","Crew","Male","Adult","Died"
"1053","Crew","Male","Adult","Died"
"1054","Crew","Male","Adult","Died"
"1055","Crew","Male","Adult","Died"
"1056","Crew","Male","Adult","Died"
"1057","Crew","Male","Adult","Died"
"1058","Crew","Male","Adult","Died"
"1059","Crew","Male","Adult","Died"
"1060","Crew","Male","Adult","Died"
"1061","Crew","Male","Adult","Died"
"1062","Crew","Male","Adult","Died"
"1063","Crew","Male","Adult","Died"
"1064","Crew","Male","Adult","Died"
"1065","Crew","Male","Adult","Died"
"1066","Crew","Male","Adult","Died"
"1067","Crew","Male","Adult","Died"
"1068","Crew","Male","Adult","Died"
"1069","Crew","Male","Adult","Died"
"1070","Crew","Male","Adult","Died"
"1071","Crew","Male","Adult","Died"
"1072","Crew","Male","Adult","Died"
"1073","Crew","Male","Adult","Died"
"1074","Crew","Male","Adult","Died"
"1075","Crew","Male","Adult","Died"
"1076","Crew","Male","Adult","Died"
"1077","Crew","Male","Adult","Died"
"1078","Crew","Male","Adult","Died"
"1079","Crew","Male","Adult","Died"
"1080","Crew","Male","Adult","Died"
"1081","Crew","Male","Adult","Died"
"1082","Crew","Male","Adult","Died"
"1083","Crew","Male","Adult","Died"
"1084","Crew","Male","Adult","Died"
"1085","Crew","Male","Adult","Died"
"1086","Crew","Male","Adult","Died"
"1087","Crew","Male","Adult","Died"
"1088","Crew","Male","Adult","Died"
"1089","Crew","Male","Adult","Died"
"1090","Crew","Male","Adult","Died"
"1091","Crew","Male","Adult","Died"
"1092","Crew","Male","Adult","Died"
"1093","Crew","Male","Adult","Died"
"1094","Crew","Male","Adult","Died"
"1095","Crew","Male","Adult","Died"
"1096","Crew","Male","Adult","Died"
"1097","Crew","Male","Adult","Died"
"1098","Crew","Male","Adult","Died"
"1099","Crew","Male","Adult","Died"
"1100","Crew","Male","Adult","Died"
"1101","Crew","Male","Adult","Died"
"1102","Crew","Male","Adult","Died"
"1103","Crew","Male","Adult","Died"
"1104","Crew","Male","Adult","Died"
"1105","Crew","Male","Adult","Died"
"1106","Crew","Male","Adult","Died"
"1107","Crew","Male","Adult","Died"
"1108","Crew","Male","Adult","Died"
"1109","Crew","Male","Adult","Died"
"1110","Crew","Male","Adult","Died"
"1111","Crew","Male","Adult","Died"
"1112","Crew","Male","Adult","Died"
"1113","Crew","Male","Adult","Died"
"1114","Crew","Male","Adult","Died"
"1115","Crew","Male","Adult","Died"
"1116","Crew","Male","Adult","Died"
"1117","Crew","Male","Adult","Died"
"1118","Crew","Male","Adult","Died"
"1119","Crew","Male","Adult","Died"
"1120","Crew","Male","Adult","Died"
"1121","Crew","Male","Adult","Died"
"1122","Crew","Male","Adult","Died"
"1123","Crew","Male","Adult","Died"
"1124","Crew","Male","Adult","Died"
"1125","Crew","Male","Adult","Died"
"1126","Crew","Male","Adult","Died"
"1127","Crew","Male","Adult","Died"
"1128","Crew","Male","Adult","Died"
"1129","Crew","Male","Adult","Died"
"1130","Crew","Male","Adult","Died"
"1131","Crew","Male","Adult","Died"
"1132","Crew","Male","Adult","Died"
"1133","Crew","Male","Adult","Died"
"1134","Crew","Male","Adult","Died"
"1135","Crew","Male","Adult","Died"
"1136","Crew","Male","Adult","Died"
"1137","Crew","Male","Adult","Died"
"1138","Crew","Male","Adult","Died"
"1139","Crew","Male","Adult","Died"
"1140","Crew","Male","Adult","Died"
"1141","Crew","Male","Adult","Died"
"1142","Crew","Male","Adult","Died"
"1143","Crew","Male","Adult","Died"
"1144","Crew","Male","Adult","Died"
"1145","Crew","Male","Adult","Died"
"1146","Crew","Male","Adult","Died"
"1147","Crew","Male","Adult","Died"
"1148","Crew","Male","Adult","Died"
"1149","Crew","Male","Adult","Died"
"1150","Crew","Male","Adult","Died"
"1151","Crew","Male","Adult","Died"
"1152","Crew","Male","Adult","Died"
"1153","Crew","Male","Adult","Died"
"1154","Crew","Male","Adult","Died"
"1155","Crew","Male","Adult","Died"
"1156","Crew","Male","Adult","Died"
"1157","Crew","Male","Adult","Died"
"1158","Crew","Male","Adult","Died"
"1159","Crew","Male","Adult","Died"
"1160","Crew","Male","Adult","Died"
"1161","Crew","Male","Adult","Died"
"1162","Crew","Male","Adult","Died"
"1163","Crew","Male","Adult","Died"
"1164","Crew","Male","Adult","Died"
"1165","Crew","Male","Adult","Died"
"1166","Crew","Male","Adult","Died"
"1167","Crew","Male","Adult","Died"
"1168","Crew","Male","Adult","Died"
"1169","Crew","Male","Adult","Died"
"1170","Crew","Male","Adult","Died"
"1171","Crew","Male","Adult","Died"
"1172","Crew","Male","Adult","Died"
"1173","Crew","Male","Adult","Died"
"1174","Crew","Male","Adult","Died"
"1175","Crew","Male","Adult","Died"
"1176","Crew","Male","Adult","Died"
"1177","Crew","Male","Adult","Died"
"1178","Crew","Male","Adult","Died"
"1179","Crew","Male","Adult","Died"
"1180","Crew","Male","Adult","Died"
"1181","Crew","Male","Adult","Died"
"1182","Crew","Male","Adult","Died"
"1183","Crew","Male","Adult","Died"
"1184","Crew","Male","Adult","Died"
"1185","Crew","Male","Adult","Died"
"1186","Crew","Male","Adult","Died"
"1187","Crew","Male","Adult","Died"
"1188","Crew","Male","Adult","Died"
"1189","Crew","Male","Adult","Died"
"1190","Crew","Male","Adult","Died"
"1191","Crew","Male","Adult","Died"
"1192","Crew","Male","Adult","Died"
"1193","Crew","Male","Adult","Died"
"1194","Crew","Male","Adult","Died"
"1195","Crew","Male","Adult","Died"
"1196","Crew","Male","Adult","Died"
"1197","Crew","Male","Adult","Died"
"1198","Crew","Male","Adult","Died"
"1199","Crew","Male","Adult","Died"
"1200","Crew","Male","Adult","Died"
"1201","Crew","Male","Adult","Died"
"1202","Crew","Male","Adult","Died"
"1203","Crew","Male","Adult","Died"
"1204","Crew","Male","Adult","Died"
"1205","Crew","Male","Adult","Died"
"1206","Crew","Male","Adult","Died"
"1207","Crew","Male","Adult","Died"
"1208","Crew","Male","Adult","Died"
"1209","Crew","Male","Adult","Died"
"1210","Crew","Male","Adult","Died"
"1211","Crew","Male","Adult","Died"
"1212","Crew","Male","Adult","Died"
"1213","Crew","Male","Adult","Died"
"1214","Crew","Male","Adult","Died"
"1215","Crew","Male","Adult","Died"
"1216","Crew","Male","Adult","Died"
"1217","Crew","Male","Adult","Died"
"1218","Crew","Male","Adult","Died"
"1219","Crew","Male","Adult","Died"
"1220","Crew","Male","Adult","Died"
"1221","Crew","Male","Adult","Died"
"1222","Crew","Male","Adult","Died"
"1223","Crew","Male","Adult","Died"
"1224","Crew","Male","Adult","Died"
"1225","Crew","Male","Adult","Died"
"1226","Crew","Male","Adult","Died"
"1227","Crew","Male","Adult","Died"
"1228","Crew","Male","Adult","Died"
"1229","Crew","Male","Adult","Died"
"1230","Crew","Male","Adult","Died"
"1231","Crew","Male","Adult","Died"
"1232","Crew","Male","Adult","Died"
"1233","Crew","Male","Adult","Died"
"1234","Crew","Male","Adult","Died"
"1235","Crew","Male","Adult","Died"
"1236","Crew","Male","Adult","Died"
"1237","Crew","Male","Adult","Died"
"1238","Crew","Male","Adult","Died"
"1239","Crew","Male","Adult","Died"
"1240","Crew","Male","Adult","Died"
"1241","Crew","Male","Adult","Died"
"1242","Crew","Male","Adult","Died"
"1243","Crew","Male","Adult","Died"
"1244","Crew","Male","Adult","Died"
"1245","Crew","Male","Adult","Died"
"1246","Crew","Male","Adult","Died"
"1247","Crew","Male","Adult","Died"
"1248","Crew","Male","Adult","Died"
"1249","Crew","Male","Adult","Died"
"1250","Crew","Male","Adult","Died"
"1251","Crew","Male","Adult","Died"
"1252","Crew","Male","Adult","Died"
"1253","Crew","Male","Adult","Died"
"1254","Crew","Male","Adult","Died"
"1255","Crew","Male","Adult","Died"
"1256","Crew","Male","Adult","Died"
"1257","Crew","Male","Adult","Died"
"1258","Crew","Male","Adult","Died"
"1259","Crew","Male","Adult","Died"
"1260","Crew","Male","Adult","Died"
"1261","Crew","Male","Adult","Died"
"1262","Crew","Male","Adult","Died"
"1263","Crew","Male","Adult","Died"
"1264","Crew","Male","Adult","Died"
"1265","Crew","Male","Adult","Died"
"1266","Crew","Male","Adult","Died"
"1267","Crew","Male","Adult","Died"
"1268","Crew","Male","Adult","Died"
"1269","Crew","Male","Adult","Died"
"1270","Crew","Male","Adult","Died"
"1271","Crew","Male","Adult","Died"
"1272","Crew","Male","Adult","Died"
"1273","Crew","Male","Adult","Died"
"1274","Crew","Male","Adult","Died"
"1275","Crew","Male","Adult","Died"
"1276","Crew","Male","Adult","Died"
"1277","Crew","Male","Adult","Died"
"1278","Crew","Male","Adult","Died"
"1279","Crew","Male","Adult","Died"
"1280","Crew","Male","Adult","Died"
"1281","Crew","Male","Adult","Died"
"1282","Crew","Male","Adult","Died"
"1283","Crew","Male","Adult","Died"
"1284","Crew","Male","Adult","Died"
"1285","Crew","Male","Adult","Died"
"1286","Crew","Male","Adult","Died"
"1287","Crew","Male","Adult","Died"
"1288","Crew","Male","Adult","Died"
"1289","Crew","Male","Adult","Died"
"1290","Crew","Male","Adult","Died"
"1291","Crew","Male","Adult","Died"
"1292","Crew","Male","Adult","Died"
"1293","Crew","Male","Adult","Died"
"1294","Crew","Male","Adult","Died"
"1295","Crew","Male","Adult","Died"
"1296","Crew","Male","Adult","Died"
"1297","Crew","Male","Adult","Died"
"1298","Crew","Male","Adult","Died"
"1299","Crew","Male","Adult","Died"
"1300","Crew","Male","Adult","Died"
"1301","Crew","Male","Adult","Died"
"1302","Crew","Male","Adult","Died"
"1303","Crew","Male","Adult","Died"
"1304","Crew","Male","Adult","Died"
"1305","Crew","Male","Adult","Died"
"1306","Crew","Male","Adult","Died"
"1307","Crew","Male","Adult","Died"
"1308","Crew","Male","Adult","Died"
"1309","Crew","Male","Adult","Died"
"1310","Crew","Male","Adult","Died"
"1311","Crew","Male","Adult","Died"
"1312","Crew","Male","Adult","Died"
"1313","Crew","Male","Adult","Died"
"1314","Crew","Male","Adult","Died"
"1315","Crew","Male","Adult","Died"
"1316","Crew","Male","Adult","Died"
"1317","Crew","Male","Adult","Died"
"1318","Crew","Male","Adult","Died"
"1319","Crew","Male","Adult","Died"
"1320","Crew","Male","Adult","Died"
"1321","Crew","Male","Adult","Died"
"1322","Crew","Male","Adult","Died"
"1323","Crew","Male","Adult","Died"
"1324","Crew","Male","Adult","Died"
"1325","Crew","Male","Adult","Died"
"1326","Crew","Male","Adult","Died"
"1327","Crew","Male","Adult","Died"
"1328","Crew","Male","Adult","Died"
"1329","Crew","Male","Adult","Died"
"1330","Crew","Male","Adult","Died"
"1331","Crew","Male","Adult","Died"
"1332","Crew","Male","Adult","Died"
"1333","Crew","Male","Adult","Died"
"1334","Crew","Male","Adult","Died"
"1335","Crew","Male","Adult","Died"
"1336","Crew","Male","Adult","Died"
"1337","Crew","Male","Adult","Died"
"1338","Crew","Male","Adult","Died"
"1339","Crew","Male","Adult","Died"
"1340","Crew","Male","Adult","Died"
"1341","Crew","Male","Adult","Died"
"1342","Crew","Male","Adult","Died"
"1343","Crew","Male","Adult","Died"
"1344","Crew","Male","Adult","Died"
"1345","Crew","Male","Adult","Died"
"1346","Crew","Male","Adult","Died"
"1347","Crew","Male","Adult","Died"
"1348","Crew","Male","Adult","Died"
"1349","Crew","Male","Adult","Died"
"1350","Crew","Male","Adult","Died"
"1351","Crew","Male","Adult","Died"
"1352","Crew","Male","Adult","Died"
"1353","Crew","Male","Adult","Died"
"1354","Crew","Male","Adult","Died"
"1355","Crew","Male","Adult","Died"
"1356","Crew","Male","Adult","Died"
"1357","Crew","Male","Adult","Died"
"1358","Crew","Male","Adult","Died"
"1359","Crew","Male","Adult","Died"
"1360","Crew","Male","Adult","Died"
"1361","Crew","Male","Adult","Died"
"1362","Crew","Male","Adult","Died"
"1363","Crew","Male","Adult","Died"
"1364","Crew","Male","Adult","Died"
"1365","Crew","Male","Adult","Died"
"1366","Crew","Male","Adult","Died"
"1367","Crew","Male","Adult","Died"
"1368","Crew","Male","Adult","Died"
"1369","Crew","Male","Adult","Died"
"1370","Crew","Male","Adult","Died"
"1371","Crew","Male","Adult","Died"
"1372","Crew","Male","Adult","Died"
"1373","Crew","Male","Adult","Died"
"1374","Crew","Male","Adult","Died"
"1375","Crew","Male","Adult","Died"
"1376","Crew","Male","Adult","Died"
"1377","Crew","Male","Adult","Died"
"1378","Crew","Male","Adult","Died"
"1379","Crew","Male","Adult","Died"
"1380","Crew","Male","Adult","Died"
"1381","Crew","Male","Adult","Died"
"1382","1st","Female","Adult","Died"
"1383","1st","Female","Adult","Died"
"1384","1st","Female","Adult","Died"
"1385","1st","Female","Adult","Died"
"1386","2nd","Female","Adult","Died"
"1387","2nd","Female","Adult","Died"
"1388","2nd","Female","Adult","Died"
"1389","2nd","Female","Adult","Died"
"1390","2nd","Female","Adult","Died"
"1391","2nd","Female","Adult","Died"
"1392","2nd","Female","Adult","Died"
"1393","2nd","Female","Adult","Died"
"1394","2nd","Female","Adult","Died"
"1395","2nd","Female","Adult","Died"
"1396","2nd","Female","Adult","Died"
"1397","2nd","Female","Adult","Died"
"1398","2nd","Female","Adult","Died"
"1399","3rd","Female","Adult","Died"
"1400","3rd","Female","Adult","Died"
"1401","3rd","Female","Adult","Died"
"1402","3rd","Female","Adult","Died"
"1403","3rd","Female","Adult","Died"
"1404","3rd","Female","Adult","Died"
"1405","3rd","Female","Adult","Died"
"1406","3rd","Female","Adult","Died"
"1407","3rd","Female","Adult","Died"
"1408","3rd","Female","Adult","Died"
"1409","3rd","Female","Adult","Died"
"1410","3rd","Female","Adult","Died"
"1411","3rd","Female","Adult","Died"
"1412","3rd","Female","Adult","Died"
"1413","3rd","Female","Adult","Died"
"1414","3rd","Female","Adult","Died"
"1415","3rd","Female","Adult","Died"
"1416","3rd","Female","Adult","Died"
"1417","3rd","Female","Adult","Died"
"1418","3rd","Female","Adult","Died"
"1419","3rd","Female","Adult","Died"
"1420","3rd","Female","Adult","Died"
"1421","3rd","Female","Adult","Died"
"1422","3rd","Female","Adult","Died"
"1423","3rd","Female","Adult","Died"
"1424","3rd","Female","Adult","Died"
"1425","3rd","Female","Adult","Died"
"1426","3rd","Female","Adult","Died"
"1427","3rd","Female","Adult","Died"
"1428","3rd","Female","Adult","Died"
"1429","3rd","Female","Adult","Died"
"1430","3rd","Female","Adult","Died"
"1431","3rd","Female","Adult","Died"
"1432","3rd","Female","Adult","Died"
"1433","3rd","Female","Adult","Died"
"1434","3rd","Female","Adult","Died"
"1435","3rd","Female","Adult","Died"
"1436","3rd","Female","Adult","Died"
"1437","3rd","Female","Adult","Died"
"1438","3rd","Female","Adult","Died"
"1439","3rd","Female","Adult","Died"
"1440","3rd","Female","Adult","Died"
"1441","3rd","Female","Adult","Died"
"1442","3rd","Female","Adult","Died"
"1443","3rd","Female","Adult","Died"
"1444","3rd","Female","Adult","Died"
"1445","3rd","Female","Adult","Died"
"1446","3rd","Female","Adult","Died"
"1447","3rd","Female","Adult","Died"
"1448","3rd","Female","Adult","Died"
"1449","3rd","Female","Adult","Died"
"1450","3rd","Female","Adult","Died"
"1451","3rd","Female","Adult","Died"
"1452","3rd","Female","Adult","Died"
"1453","3rd","Female","Adult","Died"
"1454","3rd","Female","Adult","Died"
"1455","3rd","Female","Adult","Died"
"1456","3rd","Female","Adult","Died"
"1457","3rd","Female","Adult","Died"
"1458","3rd","Female","Adult","Died"
"1459","3rd","Female","Adult","Died"
"1460","3rd","Female","Adult","Died"
"1461","3rd","Female","Adult","Died"
"1462","3rd","Female","Adult","Died"
"1463","3rd","Female","Adult","Died"
"1464","3rd","Female","Adult","Died"
"1465","3rd","Female","Adult","Died"
"1466","3rd","Female","Adult","Died"
"1467","3rd","Female","Adult","Died"
"1468","3rd","Female","Adult","Died"
"1469","3rd","Female","Adult","Died"
"1470","3rd","Female","Adult","Died"
"1471","3rd","Female","Adult","Died"
"1472","3rd","Female","Adult","Died"
"1473","3rd","Female","Adult","Died"
"1474","3rd","Female","Adult","Died"
"1475","3rd","Female","Adult","Died"
"1476","3rd","Female","Adult","Died"
"1477","3rd","Female","Adult","Died"
"1478","3rd","Female","Adult","Died"
"1479","3rd","Female","Adult","Died"
"1480","3rd","Female","Adult","Died"
"1481","3rd","Female","Adult","Died"
"1482","3rd","Female","Adult","Died"
"1483","3rd","Female","Adult","Died"
"1484","3rd","Female","Adult","Died"
"1485","3rd","Female","Adult","Died"
"1486","3rd","Female","Adult","Died"
"1487","3rd","Female","Adult","Died"
"1488","Crew","Female","Adult","Died"
"1489","Crew","Female","Adult","Died"
"1490","Crew","Female","Adult","Died"
"1491","1st","Male","Child","Survived"
"1492","1st","Male","Child","Survived"
"1493","1st","Male","Child","Survived"
"1494","1st","Male","Child","Survived"
"1495","1st","Male","Child","Survived"
"1496","2nd","Male","Child","Survived"
"1497","2nd","Male","Child","Survived"
"1498","2nd","Male","Child","Survived"
"1499","2nd","Male","Child","Survived"
"1500","2nd","Male","Child","Survived"
"1501","2nd","Male","Child","Survived"
"1502","2nd","Male","Child","Survived"
"1503","2nd","Male","Child","Survived"
"1504","2nd","Male","Child","Survived"
"1505","2nd","Male","Child","Survived"
"1506","2nd","Male","Child","Survived"
"1507","3rd","Male","Child","Survived"
"1508","3rd","Male","Child","Survived"
"1509","3rd","Male","Child","Survived"
"1510","3rd","Male","Child","Survived"
"1511","3rd","Male","Child","Survived"
"1512","3rd","Male","Child","Survived"
"1513","3rd","Male","Child","Survived"
"1514","3rd","Male","Child","Survived"
"1515","3rd","Male","Child","Survived"
"1516","3rd","Male","Child","Survived"
"1517","3rd","Male","Child","Survived"
"1518","3rd","Male","Child","Survived"
"1519","3rd","Male","Child","Survived"
"1520","1st","Female","Child","Survived"
"1521","2nd","Female","Child","Survived"
"1522","2nd","Female","Child","Survived"
"1523","2nd","Female","Child","Survived"
"1524","2nd","Female","Child","Survived"
"1525","2nd","Female","Child","Survived"
"1526","2nd","Female","Child","Survived"
"1527","2nd","Female","Child","Survived"
"1528","2nd","Female","Child","Survived"
"1529","2nd","Female","Child","Survived"
"1530","2nd","Female","Child","Survived"
"1531","2nd","Female","Child","Survived"
"1532","2nd","Female","Child","Survived"
"1533","2nd","Female","Child","Survived"
"1534","3rd","Female","Child","Survived"
"1535","3rd","Female","Child","Survived"
"1536","3rd","Female","Child","Survived"
"1537","3rd","Female","Child","Survived"
"1538","3rd","Female","Child","Survived"
"1539","3rd","Female","Child","Survived"
"1540","3rd","Female","Child","Survived"
"1541","3rd","Female","Child","Survived"
"1542","3rd","Female","Child","Survived"
"1543","3rd","Female","Child","Survived"
"1544","3rd","Female","Child","Survived"
"1545","3rd","Female","Child","Survived"
"1546","3rd","Female","Child","Survived"
"1547","3rd","Female","Child","Survived"
"1548","1st","Male","Adult","Survived"
"1549","1st","Male","Adult","Survived"
"1550","1st","Male","Adult","Survived"
"1551","1st","Male","Adult","Survived"
"1552","1st","Male","Adult","Survived"
"1553","1st","Male","Adult","Survived"
"1554","1st","Male","Adult","Survived"
"1555","1st","Male","Adult","Survived"
"1556","1st","Male","Adult","Survived"
"1557","1st","Male","Adult","Survived"
"1558","1st","Male","Adult","Survived"
"1559","1st","Male","Adult","Survived"
"1560","1st","Male","Adult","Survived"
"1561","1st","Male","Adult","Survived"
"1562","1st","Male","Adult","Survived"
"1563","1st","Male","Adult","Survived"
"1564","1st","Male","Adult","Survived"
"1565","1st","Male","Adult","Survived"
"1566","1st","Male","Adult","Survived"
"1567","1st","Male","Adult","Survived"
"1568","1st","Male","Adult","Survived"
"1569","1st","Male","Adult","Survived"
"1570","1st","Male","Adult","Survived"
"1571","1st","Male","Adult","Survived"
"1572","1st","Male","Adult","Survived"
"1573","1st","Male","Adult","Survived"
"1574","1st","Male","Adult","Survived"
"1575","1st","Male","Adult","Survived"
"1576","1st","Male","Adult","Survived"
"1577","1st","Male","Adult","Survived"
"1578","1st","Male","Adult","Survived"
"1579","1st","Male","Adult","Survived"
"1580","1st","Male","Adult","Survived"
"1581","1st","Male","Adult","Survived"
"1582","1st","Male","Adult","Survived"
"1583","1st","Male","Adult","Survived"
"1584","1st","Male","Adult","Survived"
"1585","1st","Male","Adult","Survived"
"1586","1st","Male","Adult","Survived"
"1587","1st","Male","Adult","Survived"
"1588","1st","Male","Adult","Survived"
"1589","1st","Male","Adult","Survived"
"1590","1st","Male","Adult","Survived"
"1591","1st","Male","Adult","Survived"
"1592","1st","Male","Adult","Survived"
"1593","1st","Male","Adult","Survived"
"1594","1st","Male","Adult","Survived"
"1595","1st","Male","Adult","Survived"
"1596","1st","Male","Adult","Survived"
"1597","1st","Male","Adult","Survived"
"1598","1st","Male","Adult","Survived"
"1599","1st","Male","Adult","Survived"
"1600","1st","Male","Adult","Survived"
"1601","1st","Male","Adult","Survived"
"1602","1st","Male","Adult","Survived"
"1603","1st","Male","Adult","Survived"
"1604","1st","Male","Adult","Survived"
"1605","2nd","Male","Adult","Survived"
"1606","2nd","Male","Adult","Survived"
"1607","2nd","Male","Adult","Survived"
"1608","2nd","Male","Adult","Survived"
"1609","2nd","Male","Adult","Survived"
"1610","2nd","Male","Adult","Survived"
"1611","2nd","Male","Adult","Survived"
"1612","2nd","Male","Adult","Survived"
"1613","2nd","Male","Adult","Survived"
"1614","2nd","Male","Adult","Survived"
"1615","2nd","Male","Adult","Survived"
"1616","2nd","Male","Adult","Survived"
"1617","2nd","Male","Adult","Survived"
"1618","2nd","Male","Adult","Survived"
"1619","3rd","Male","Adult","Survived"
"1620","3rd","Male","Adult","Survived"
"1621","3rd","Male","Adult","Survived"
"1622","3rd","Male","Adult","Survived"
"1623","3rd","Male","Adult","Survived"
"1624","3rd","Male","Adult","Survived"
"1625","3rd","Male","Adult","Survived"
"1626","3rd","Male","Adult","Survived"
"1627","3rd","Male","Adult","Survived"
"1628","3rd","Male","Adult","Survived"
"1629","3rd","Male","Adult","Survived"
"1630","3rd","Male","Adult","Survived"
"1631","3rd","Male","Adult","Survived"
"1632","3rd","Male","Adult","Survived"
"1633","3rd","Male","Adult","Survived"
"1634","3rd","Male","Adult","Survived"
"1635","3rd","Male","Adult","Survived"
"1636","3rd","Male","Adult","Survived"
"1637","3rd","Male","Adult","Survived"
"1638","3rd","Male","Adult","Survived"
"1639","3rd","Male","Adult","Survived"
"1640","3rd","Male","Adult","Survived"
"1641","3rd","Male","Adult","Survived"
"1642","3rd","Male","Adult","Survived"
"1643","3rd","Male","Adult","Survived"
"1644","3rd","Male","Adult","Survived"
"1645","3rd","Male","Adult","Survived"
"1646","3rd","Male","Adult","Survived"
"1647","3rd","Male","Adult","Survived"
"1648","3rd","Male","Adult","Survived"
"1649","3rd","Male","Adult","Survived"
"1650","3rd","Male","Adult","Survived"
"1651","3rd","Male","Adult","Survived"
"1652","3rd","Male","Adult","Survived"
"1653","3rd","Male","Adult","Survived"
"1654","3rd","Male","Adult","Survived"
"1655","3rd","Male","Adult","Survived"
"1656","3rd","Male","Adult","Survived"
"1657","3rd","Male","Adult","Survived"
"1658","3rd","Male","Adult","Survived"
"1659","3rd","Male","Adult","Survived"
"1660","3rd","Male","Adult","Survived"
"1661","3rd","Male","Adult","Survived"
"1662","3rd","Male","Adult","Survived"
"1663","3rd","Male","Adult","Survived"
"1664","3rd","Male","Adult","Survived"
"1665","3rd","Male","Adult","Survived"
"1666","3rd","Male","Adult","Survived"
"1667","3rd","Male","Adult","Survived"
"1668","3rd","Male","Adult","Survived"
"1669","3rd","Male","Adult","Survived"
"1670","3rd","Male","Adult","Survived"
"1671","3rd","Male","Adult","Survived"
"1672","3rd","Male","Adult","Survived"
"1673","3rd","Male","Adult","Survived"
"1674","3rd","Male","Adult","Survived"
"1675","3rd","Male","Adult","Survived"
"1676","3rd","Male","Adult","Survived"
"1677","3rd","Male","Adult","Survived"
"1678","3rd","Male","Adult","Survived"
"1679","3rd","Male","Adult","Survived"
"1680","3rd","Male","Adult","Survived"
"1681","3rd","Male","Adult","Survived"
"1682","3rd","Male","Adult","Survived"
"1683","3rd","Male","Adult","Survived"
"1684","3rd","Male","Adult","Survived"
"1685","3rd","Male","Adult","Survived"
"1686","3rd","Male","Adult","Survived"
"1687","3rd","Male","Adult","Survived"
"1688","3rd","Male","Adult","Survived"
"1689","3rd","Male","Adult","Survived"
"1690","3rd","Male","Adult","Survived"
"1691","3rd","Male","Adult","Survived"
"1692","3rd","Male","Adult","Survived"
"1693","3rd","Male","Adult","Survived"
"1694","Crew","Male","Adult","Survived"
"1695","Crew","Male","Adult","Survived"
"1696","Crew","Male","Adult","Survived"
"1697","Crew","Male","Adult","Survived"
"1698","Crew","Male","Adult","Survived"
"1699","Crew","Male","Adult","Survived"
"1700","Crew","Male","Adult","Survived"
"1701","Crew","Male","Adult","Survived"
"1702","Crew","Male","Adult","Survived"
"1703","Crew","Male","Adult","Survived"
"1704","Crew","Male","Adult","Survived"
"1705","Crew","Male","Adult","Survived"
"1706","Crew","Male","Adult","Survived"
"1707","Crew","Male","Adult","Survived"
"1708","Crew","Male","Adult","Survived"
"1709","Crew","Male","Adult","Survived"
"1710","Crew","Male","Adult","Survived"
"1711","Crew","Male","Adult","Survived"
"1712","Crew","Male","Adult","Survived"
"1713","Crew","Male","Adult","Survived"
"1714","Crew","Male","Adult","Survived"
"1715","Crew","Male","Adult","Survived"
"1716","Crew","Male","Adult","Survived"
"1717","Crew","Male","Adult","Survived"
"1718","Crew","Male","Adult","Survived"
"1719","Crew","Male","Adult","Survived"
"1720","Crew","Male","Adult","Survived"
"1721","Crew","Male","Adult","Survived"
"1722","Crew","Male","Adult","Survived"
"1723","Crew","Male","Adult","Survived"
"1724","Crew","Male","Adult","Survived"
"1725","Crew","Male","Adult","Survived"
"1726","Crew","Male","Adult","Survived"
"1727","Crew","Male","Adult","Survived"
"1728","Crew","Male","Adult","Survived"
"1729","Crew","Male","Adult","Survived"
"1730","Crew","Male","Adult","Survived"
"1731","Crew","Male","Adult","Survived"
"1732","Crew","Male","Adult","Survived"
"1733","Crew","Male","Adult","Survived"
"1734","Crew","Male","Adult","Survived"
"1735","Crew","Male","Adult","Survived"
"1736","Crew","Male","Adult","Survived"
"1737","Crew","Male","Adult","Survived"
"1738","Crew","Male","Adult","Survived"
"1739","Crew","Male","Adult","Survived"
"1740","Crew","Male","Adult","Survived"
"1741","Crew","Male","Adult","Survived"
"1742","Crew","Male","Adult","Survived"
"1743","Crew","Male","Adult","Survived"
"1744","Crew","Male","Adult","Survived"
"1745","Crew","Male","Adult","Survived"
"1746","Crew","Male","Adult","Survived"
"1747","Crew","Male","Adult","Survived"
"1748","Crew","Male","Adult","Survived"
"1749","Crew","Male","Adult","Survived"
"1750","Crew","Male","Adult","Survived"
"1751","Crew","Male","Adult","Survived"
"1752","Crew","Male","Adult","Survived"
"1753","Crew","Male","Adult","Survived"
"1754","Crew","Male","Adult","Survived"
"1755","Crew","Male","Adult","Survived"
"1756","Crew","Male","Adult","Survived"
"1757","Crew","Male","Adult","Survived"
"1758","Crew","Male","Adult","Survived"
"1759","Crew","Male","Adult","Survived"
"1760","Crew","Male","Adult","Survived"
"1761","Crew","Male","Adult","Survived"
"1762","Crew","Male","Adult","Survived"
"1763","Crew","Male","Adult","Survived"
"1764","Crew","Male","Adult","Survived"
"1765","Crew","Male","Adult","Survived"
"1766","Crew","Male","Adult","Survived"
"1767","Crew","Male","Adult","Survived"
"1768","Crew","Male","Adult","Survived"
"1769","Crew","Male","Adult","Survived"
"1770","Crew","Male","Adult","Survived"
"1771","Crew","Male","Adult","Survived"
"1772","Crew","Male","Adult","Survived"
"1773","Crew","Male","Adult","Survived"
"1774","Crew","Male","Adult","Survived"
"1775","Crew","Male","Adult","Survived"
"1776","Crew","Male","Adult","Survived"
"1777","Crew","Male","Adult","Survived"
"1778","Crew","Male","Adult","Survived"
"1779","Crew","Male","Adult","Survived"
"1780","Crew","Male","Adult","Survived"
"1781","Crew","Male","Adult","Survived"
"1782","Crew","Male","Adult","Survived"
"1783","Crew","Male","Adult","Survived"
"1784","Crew","Male","Adult","Survived"
"1785","Crew","Male","Adult","Survived"
"1786","Crew","Male","Adult","Survived"
"1787","Crew","Male","Adult","Survived"
"1788","Crew","Male","Adult","Survived"
"1789","Crew","Male","Adult","Survived"
"1790","Crew","Male","Adult","Survived"
"1791","Crew","Male","Adult","Survived"
"1792","Crew","Male","Adult","Survived"
"1793","Crew","Male","Adult","Survived"
"1794","Crew","Male","Adult","Survived"
"1795","Crew","Male","Adult","Survived"
"1796","Crew","Male","Adult","Survived"
"1797","Crew","Male","Adult","Survived"
"1798","Crew","Male","Adult","Survived"
"1799","Crew","Male","Adult","Survived"
"1800","Crew","Male","Adult","Survived"
"1801","Crew","Male","Adult","Survived"
"1802","Crew","Male","Adult","Survived"
"1803","Crew","Male","Adult","Survived"
"1804","Crew","Male","Adult","Survived"
"1805","Crew","Male","Adult","Survived"
"1806","Crew","Male","Adult","Survived"
"1807","Crew","Male","Adult","Survived"
"1808","Crew","Male","Adult","Survived"
"1809","Crew","Male","Adult","Survived"
"1810","Crew","Male","Adult","Survived"
"1811","Crew","Male","Adult","Survived"
"1812","Crew","Male","Adult","Survived"
"1813","Crew","Male","Adult","Survived"
"1814","Crew","Male","Adult","Survived"
"1815","Crew","Male","Adult","Survived"
"1816","Crew","Male","Adult","Survived"
"1817","Crew","Male","Adult","Survived"
"1818","Crew","Male","Adult","Survived"
"1819","Crew","Male","Adult","Survived"
"1820","Crew","Male","Adult","Survived"
"1821","Crew","Male","Adult","Survived"
"1822","Crew","Male","Adult","Survived"
"1823","Crew","Male","Adult","Survived"
"1824","Crew","Male","Adult","Survived"
"1825","Crew","Male","Adult","Survived"
"1826","Crew","Male","Adult","Survived"
"1827","Crew","Male","Adult","Survived"
"1828","Crew","Male","Adult","Survived"
"1829","Crew","Male","Adult","Survived"
"1830","Crew","Male","Adult","Survived"
"1831","Crew","Male","Adult","Survived"
"1832","Crew","Male","Adult","Survived"
"1833","Crew","Male","Adult","Survived"
"1834","Crew","Male","Adult","Survived"
"1835","Crew","Male","Adult","Survived"
"1836","Crew","Male","Adult","Survived"
"1837","Crew","Male","Adult","Survived"
"1838","Crew","Male","Adult","Survived"
"1839","Crew","Male","Adult","Survived"
"1840","Crew","Male","Adult","Survived"
"1841","Crew","Male","Adult","Survived"
"1842","Crew","Male","Adult","Survived"
"1843","Crew","Male","Adult","Survived"
"1844","Crew","Male","Adult","Survived"
"1845","Crew","Male","Adult","Survived"
"1846","Crew","Male","Adult","Survived"
"1847","Crew","Male","Adult","Survived"
"1848","Crew","Male","Adult","Survived"
"1849","Crew","Male","Adult","Survived"
"1850","Crew","Male","Adult","Survived"
"1851","Crew","Male","Adult","Survived"
"1852","Crew","Male","Adult","Survived"
"1853","Crew","Male","Adult","Survived"
"1854","Crew","Male","Adult","Survived"
"1855","Crew","Male","Adult","Survived"
"1856","Crew","Male","Adult","Survived"
"1857","Crew","Male","Adult","Survived"
"1858","Crew","Male","Adult","Survived"
"1859","Crew","Male","Adult","Survived"
"1860","Crew","Male","Adult","Survived"
"1861","Crew","Male","Adult","Survived"
"1862","Crew","Male","Adult","Survived"
"1863","Crew","Male","Adult","Survived"
"1864","Crew","Male","Adult","Survived"
"1865","Crew","Male","Adult","Survived"
"1866","Crew","Male","Adult","Survived"
"1867","Crew","Male","Adult","Survived"
"1868","Crew","Male","Adult","Survived"
"1869","Crew","Male","Adult","Survived"
"1870","Crew","Male","Adult","Survived"
"1871","Crew","Male","Adult","Survived"
"1872","Crew","Male","Adult","Survived"
"1873","Crew","Male","Adult","Survived"
"1874","Crew","Male","Adult","Survived"
"1875","Crew","Male","Adult","Survived"
"1876","Crew","Male","Adult","Survived"
"1877","Crew","Male","Adult","Survived"
"1878","Crew","Male","Adult","Survived"
"1879","Crew","Male","Adult","Survived"
"1880","Crew","Male","Adult","Survived"
"1881","Crew","Male","Adult","Survived"
"1882","Crew","Male","Adult","Survived"
"1883","Crew","Male","Adult","Survived"
"1884","Crew","Male","Adult","Survived"
"1885","Crew","Male","Adult","Survived"
"1886","1st","Female","Adult","Survived"
"1887","1st","Female","Adult","Survived"
"1888","1st","Female","Adult","Survived"
"1889","1st","Female","Adult","Survived"
"1890","1st","Female","Adult","Survived"
"1891","1st","Female","Adult","Survived"
"1892","1st","Female","Adult","Survived"
"1893","1st","Female","Adult","Survived"
"1894","1st","Female","Adult","Survived"
"1895","1st","Female","Adult","Survived"
"1896","1st","Female","Adult","Survived"
"1897","1st","Female","Adult","Survived"
"1898","1st","Female","Adult","Survived"
"1899","1st","Female","Adult","Survived"
"1900","1st","Female","Adult","Survived"
"1901","1st","Female","Adult","Survived"
"1902","1st","Female","Adult","Survived"
"1903","1st","Female","Adult","Survived"
"1904","1st","Female","Adult","Survived"
"1905","1st","Female","Adult","Survived"
"1906","1st","Female","Adult","Survived"
"1907","1st","Female","Adult","Survived"
"1908","1st","Female","Adult","Survived"
"1909","1st","Female","Adult","Survived"
"1910","1st","Female","Adult","Survived"
"1911","1st","Female","Adult","Survived"
"1912","1st","Female","Adult","Survived"
"1913","1st","Female","Adult","Survived"
"1914","1st","Female","Adult","Survived"
"1915","1st","Female","Adult","Survived"
"1916","1st","Female","Adult","Survived"
"1917","1st","Female","Adult","Survived"
"1918","1st","Female","Adult","Survived"
"1919","1st","Female","Adult","Survived"
"1920","1st","Female","Adult","Survived"
"1921","1st","Female","Adult","Survived"
"1922","1st","Female","Adult","Survived"
"1923","1st","Female","Adult","Survived"
"1924","1st","Female","Adult","Survived"
"1925","1st","Female","Adult","Survived"
"1926","1st","Female","Adult","Survived"
"1927","1st","Female","Adult","Survived"
"1928","1st","Female","Adult","Survived"
"1929","1st","Female","Adult","Survived"
"1930","1st","Female","Adult","Survived"
"1931","1st","Female","Adult","Survived"
"1932","1st","Female","Adult","Survived"
"1933","1st","Female","Adult","Survived"
"1934","1st","Female","Adult","Survived"
"1935","1st","Female","Adult","Survived"
"1936","1st","Female","Adult","Survived"
"1937","1st","Female","Adult","Survived"
"1938","1st","Female","Adult","Survived"
"1939","1st","Female","Adult","Survived"
"1940","1st","Female","Adult","Survived"
"1941","1st","Female","Adult","Survived"
"1942","1st","Female","Adult","Survived"
"1943","1st","Female","Adult","Survived"
"1944","1st","Female","Adult","Survived"
"1945","1st","Female","Adult","Survived"
"1946","1st","Female","Adult","Survived"
"1947","1st","Female","Adult","Survived"
"1948","1st","Female","Adult","Survived"
"1949","1st","Female","Adult","Survived"
"1950","1st","Female","Adult","Survived"
"1951","1st","Female","Adult","Survived"
"1952","1st","Female","Adult","Survived"
"1953","1st","Female","Adult","Survived"
"1954","1st","Female","Adult","Survived"
"1955","1st","Female","Adult","Survived"
"1956","1st","Female","Adult","Survived"
"1957","1st","Female","Adult","Survived"
"1958","1st","Female","Adult","Survived"
"1959","1st","Female","Adult","Survived"
"1960","1st","Female","Adult","Survived"
"1961","1st","Female","Adult","Survived"
"1962","1st","Female","Adult","Survived"
"1963","1st","Female","Adult","Survived"
"1964","1st","Female","Adult","Survived"
"1965","1st","Female","Adult","Survived"
"1966","1st","Female","Adult","Survived"
"1967","1st","Female","Adult","Survived"
"1968","1st","Female","Adult","Survived"
"1969","1st","Female","Adult","Survived"
"1970","1st","Female","Adult","Survived"
"1971","1st","Female","Adult","Survived"
"1972","1st","Female","Adult","Survived"
"1973","1st","Female","Adult","Survived"
"1974","1st","Female","Adult","Survived"
"1975","1st","Female","Adult","Survived"
"1976","1st","Female","Adult","Survived"
"1977","1st","Female","Adult","Survived"
"1978","1st","Female","Adult","Survived"
"1979","1st","Female","Adult","Survived"
"1980","1st","Female","Adult","Survived"
"1981","1st","Female","Adult","Survived"
"1982","1st","Female","Adult","Survived"
"1983","1st","Female","Adult","Survived"
"1984","1st","Female","Adult","Survived"
"1985","1st","Female","Adult","Survived"
"1986","1st","Female","Adult","Survived"
"1987","1st","Female","Adult","Survived"
"1988","1st","Female","Adult","Survived"
"1989","1st","Female","Adult","Survived"
"1990","1st","Female","Adult","Survived"
"1991","1st","Female","Adult","Survived"
"1992","1st","Female","Adult","Survived"
"1993","1st","Female","Adult","Survived"
"1994","1st","Female","Adult","Survived"
"1995","1st","Female","Adult","Survived"
"1996","1st","Female","Adult","Survived"
"1997","1st","Female","Adult","Survived"
"1998","1st","Female","Adult","Survived"
"1999","1st","Female","Adult","Survived"
"2000","1st","Female","Adult","Survived"
"2001","1st","Female","Adult","Survived"
"2002","1st","Female","Adult","Survived"
"2003","1st","Female","Adult","Survived"
"2004","1st","Female","Adult","Survived"
"2005","1st","Female","Adult","Survived"
"2006","1st","Female","Adult","Survived"
"2007","1st","Female","Adult","Survived"
"2008","1st","Female","Adult","Survived"
"2009","1st","Female","Adult","Survived"
"2010","1st","Female","Adult","Survived"
"2011","1st","Female","Adult","Survived"
"2012","1st","Female","Adult","Survived"
"2013","1st","Female","Adult","Survived"
"2014","1st","Female","Adult","Survived"
"2015","1st","Female","Adult","Survived"
"2016","1st","Female","Adult","Survived"
"2017","1st","Female","Adult","Survived"
"2018","1st","Female","Adult","Survived"
"2019","1st","Female","Adult","Survived"
"2020","1st","Female","Adult","Survived"
"2021","1st","Female","Adult","Survived"
"2022","1st","Female","Adult","Survived"
"2023","1st","Female","Adult","Survived"
"2024","1st","Female","Adult","Survived"
"2025","1st","Female","Adult","Survived"
"2026","2nd","Female","Adult","Survived"
"2027","2nd","Female","Adult","Survived"
"2028","2nd","Female","Adult","Survived"
"2029","2nd","Female","Adult","Survived"
"2030","2nd","Female","Adult","Survived"
"2031","2nd","Female","Adult","Survived"
"2032","2nd","Female","Adult","Survived"
"2033","2nd","Female","Adult","Survived"
"2034","2nd","Female","Adult","Survived"
"2035","2nd","Female","Adult","Survived"
"2036","2nd","Female","Adult","Survived"
"2037","2nd","Female","Adult","Survived"
"2038","2nd","Female","Adult","Survived"
"2039","2nd","Female","Adult","Survived"
"2040","2nd","Female","Adult","Survived"
"2041","2nd","Female","Adult","Survived"
"2042","2nd","Female","Adult","Survived"
"2043","2nd","Female","Adult","Survived"
"2044","2nd","Female","Adult","Survived"
"2045","2nd","Female","Adult","Survived"
"2046","2nd","Female","Adult","Survived"
"2047","2nd","Female","Adult","Survived"
"2048","2nd","Female","Adult","Survived"
"2049","2nd","Female","Adult","Survived"
"2050","2nd","Female","Adult","Survived"
"2051","2nd","Female","Adult","Survived"
"2052","2nd","Female","Adult","Survived"
"2053","2nd","Female","Adult","Survived"
"2054","2nd","Female","Adult","Survived"
"2055","2nd","Female","Adult","Survived"
"2056","2nd","Female","Adult","Survived"
"2057","2nd","Female","Adult","Survived"
"2058","2nd","Female","Adult","Survived"
"2059","2nd","Female","Adult","Survived"
"2060","2nd","Female","Adult","Survived"
"2061","2nd","Female","Adult","Survived"
"2062","2nd","Female","Adult","Survived"
"2063","2nd","Female","Adult","Survived"
"2064","2nd","Female","Adult","Survived"
"2065","2nd","Female","Adult","Survived"
"2066","2nd","Female","Adult","Survived"
"2067","2nd","Female","Adult","Survived"
"2068","2nd","Female","Adult","Survived"
"2069","2nd","Female","Adult","Survived"
"2070","2nd","Female","Adult","Survived"
"2071","2nd","Female","Adult","Survived"
"2072","2nd","Female","Adult","Survived"
"2073","2nd","Female","Adult","Survived"
"2074","2nd","Female","Adult","Survived"
"2075","2nd","Female","Adult","Survived"
"2076","2nd","Female","Adult","Survived"
"2077","2nd","Female","Adult","Survived"
"2078","2nd","Female","Adult","Survived"
"2079","2nd","Female","Adult","Survived"
"2080","2nd","Female","Adult","Survived"
"2081","2nd","Female","Adult","Survived"
"2082","2nd","Female","Adult","Survived"
"2083","2nd","Female","Adult","Survived"
"2084","2nd","Female","Adult","Survived"
"2085","2nd","Female","Adult","Survived"
"2086","2nd","Female","Adult","Survived"
"2087","2nd","Female","Adult","Survived"
"2088","2nd","Female","Adult","Survived"
"2089","2nd","Female","Adult","Survived"
"2090","2nd","Female","Adult","Survived"
"2091","2nd","Female","Adult","Survived"
"2092","2nd","Female","Adult","Survived"
"2093","2nd","Female","Adult","Survived"
"2094","2nd","Female","Adult","Survived"
"2095","2nd","Female","Adult","Survived"
"2096","2nd","Female","Adult","Survived"
"2097","2nd","Female","Adult","Survived"
"2098","2nd","Female","Adult","Survived"
"2099","2nd","Female","Adult","Survived"
"2100","2nd","Female","Adult","Survived"
"2101","2nd","Female","Adult","Survived"
"2102","2nd","Female","Adult","Survived"
"2103","2nd","Female","Adult","Survived"
"2104","2nd","Female","Adult","Survived"
"2105","2nd","Female","Adult","Survived"
"2106","3rd","Female","Adult","Survived"
"2107","3rd","Female","Adult","Survived"
"2108","3rd","Female","Adult","Survived"
"2109","3rd","Female","Adult","Survived"
"2110","3rd","Female","Adult","Survived"
"2111","3rd","Female","Adult","Survived"
"2112","3rd","Female","Adult","Survived"
"2113","3rd","Female","Adult","Survived"
"2114","3rd","Female","Adult","Survived"
"2115","3rd","Female","Adult","Survived"
"2116","3rd","Female","Adult","Survived"
"2117","3rd","Female","Adult","Survived"
"2118","3rd","Female","Adult","Survived"
"2119","3rd","Female","Adult","Survived"
"2120","3rd","Female","Adult","Survived"
"2121","3rd","Female","Adult","Survived"
"2122","3rd","Female","Adult","Survived"
"2123","3rd","Female","Adult","Survived"
"2124","3rd","Female","Adult","Survived"
"2125","3rd","Female","Adult","Survived"
"2126","3rd","Female","Adult","Survived"
"2127","3rd","Female","Adult","Survived"
"2128","3rd","Female","Adult","Survived"
"2129","3rd","Female","Adult","Survived"
"2130","3rd","Female","Adult","Survived"
"2131","3rd","Female","Adult","Survived"
"2132","3rd","Female","Adult","Survived"
"2133","3rd","Female","Adult","Survived"
"2134","3rd","Female","Adult","Survived"
"2135","3rd","Female","Adult","Survived"
"2136","3rd","Female","Adult","Survived"
"2137","3rd","Female","Adult","Survived"
"2138","3rd","Female","Adult","Survived"
"2139","3rd","Female","Adult","Survived"
"2140","3rd","Female","Adult","Survived"
"2141","3rd","Female","Adult","Survived"
"2142","3rd","Female","Adult","Survived"
"2143","3rd","Female","Adult","Survived"
"2144","3rd","Female","Adult","Survived"
"2145","3rd","Female","Adult","Survived"
"2146","3rd","Female","Adult","Survived"
"2147","3rd","Female","Adult","Survived"
"2148","3rd","Female","Adult","Survived"
"2149","3rd","Female","Adult","Survived"
"2150","3rd","Female","Adult","Survived"
"2151","3rd","Female","Adult","Survived"
"2152","3rd","Female","Adult","Survived"
"2153","3rd","Female","Adult","Survived"
"2154","3rd","Female","Adult","Survived"
"2155","3rd","Female","Adult","Survived"
"2156","3rd","Female","Adult","Survived"
"2157","3rd","Female","Adult","Survived"
"2158","3rd","Female","Adult","Survived"
"2159","3rd","Female","Adult","Survived"
"2160","3rd","Female","Adult","Survived"
"2161","3rd","Female","Adult","Survived"
"2162","3rd","Female","Adult","Survived"
"2163","3rd","Female","Adult","Survived"
"2164","3rd","Female","Adult","Survived"
"2165","3rd","Female","Adult","Survived"
"2166","3rd","Female","Adult","Survived"
"2167","3rd","Female","Adult","Survived"
"2168","3rd","Female","Adult","Survived"
"2169","3rd","Female","Adult","Survived"
"2170","3rd","Female","Adult","Survived"
"2171","3rd","Female","Adult","Survived"
"2172","3rd","Female","Adult","Survived"
"2173","3rd","Female","Adult","Survived"
"2174","3rd","Female","Adult","Survived"
"2175","3rd","Female","Adult","Survived"
"2176","3rd","Female","Adult","Survived"
"2177","3rd","Female","Adult","Survived"
"2178","3rd","Female","Adult","Survived"
"2179","3rd","Female","Adult","Survived"
"2180","3rd","Female","Adult","Survived"
"2181","3rd","Female","Adult","Survived"
"2182","Crew","Female","Adult","Survived"
"2183","Crew","Female","Adult","Survived"
"2184","Crew","Female","Adult","Survived"
"2185","Crew","Female","Adult","Survived"
"2186","Crew","Female","Adult","Survived"
"2187","Crew","Female","Adult","Survived"
"2188","Crew","Female","Adult","Survived"
"2189","Crew","Female","Adult","Survived"
"2190","Crew","Female","Adult","Survived"
"2191","Crew","Female","Adult","Survived"
"2192","Crew","Female","Adult","Survived"
"2193","Crew","Female","Adult","Survived"
"2194","Crew","Female","Adult","Survived"
"2195","Crew","Female","Adult","Survived"
"2196","Crew","Female","Adult","Survived"
"2197","Crew","Female","Adult","Survived"
"2198","Crew","Female","Adult","Survived"
"2199","Crew","Female","Adult","Survived"
"2200","Crew","Female","Adult","Survived"
"2201","Crew","Female","Adult","Survived"
